-- phpMyAdmin SQL Dump
-- version 4.7.4
-- https://www.phpmyadmin.net/
--
-- Host: 127.0.0.1
-- Generation Time: Jul 05, 2019 at 03:54 PM
-- Server version: 10.1.29-MariaDB
-- PHP Version: 7.2.0

SET SQL_MODE = "NO_AUTO_VALUE_ON_ZERO";
SET AUTOCOMMIT = 0;
START TRANSACTION;
SET time_zone = "+00:00";


/*!40101 SET @OLD_CHARACTER_SET_CLIENT=@@CHARACTER_SET_CLIENT */;
/*!40101 SET @OLD_CHARACTER_SET_RESULTS=@@CHARACTER_SET_RESULTS */;
/*!40101 SET @OLD_COLLATION_CONNECTION=@@COLLATION_CONNECTION */;
/*!40101 SET NAMES utf8mb4 */;

--
-- Database: `wbd_db`
--

-- --------------------------------------------------------

--
-- Table structure for table `feeds`
--

CREATE TABLE `feeds` (
  `id` int(11) NOT NULL,
  `provider_id` int(11) DEFAULT NULL,
  `title` text CHARACTER SET utf8 COLLATE utf8_unicode_ci NOT NULL,
  `link` varchar(255) DEFAULT NULL,
  `description` text CHARACTER SET utf8 COLLATE utf8_unicode_ci,
  `pubDate` timestamp NOT NULL DEFAULT CURRENT_TIMESTAMP ON UPDATE CURRENT_TIMESTAMP,
  `created_at` timestamp NOT NULL DEFAULT CURRENT_TIMESTAMP,
  `updated_at` timestamp NULL DEFAULT NULL
) ENGINE=InnoDB DEFAULT CHARSET=latin1;

--
-- Dumping data for table `feeds`
--

INSERT INTO `feeds` (`id`, `provider_id`, `title`, `link`, `description`, `pubDate`, `created_at`, `updated_at`) VALUES
(3156, 14, 'Gallery: The best photos from around the world ', 'https://www.smh.com.au/world/gallery-the-best-photos-from-around-the-world-20190704-h1fyjf.html?ref=rss&utm_medium=rss&utm_source=rss_world', 'The best photos from the international wire agencies as chosen by our picture editors.', '2019-07-04 07:45:14', '2019-07-04 12:40:20', '2019-07-04 12:40:20'),
(3157, 14, 'Iran\'s Ayatollah may negotiate, says minister', 'https://www.smh.com.au/world/middle-east/iran-s-ayatollah-may-negotiate-says-advisor-20190704-p5246r.html?ref=rss&utm_medium=rss&utm_source=rss_world', '\"Negotiation between Iran and America will take place if the supreme leader gives the permission,\" a minister was quoted as saying.', '2019-07-04 07:27:10', '2019-07-04 12:40:20', '2019-07-04 12:40:20'),
(3158, 14, 'Australian woman\'s tragic death prompts change to New York streetscape', 'https://www.smh.com.au/world/north-america/australian-woman-s-tragic-death-prompts-change-to-new-york-streetscape-20190704-p5247z.html?ref=rss&utm_medium=rss&utm_source=rss_world', 'When Madison Jane Lyden was hit by a garbage truck while cycling in New York, the local community demanded changes.', '2019-07-04 07:04:18', '2019-07-04 12:40:20', '2019-07-04 12:40:20'),
(3159, 14, 'Flight crew restrains \'God\' aboard Delta flight', 'https://www.smh.com.au/world/north-america/flight-crew-restrains-god-aboard-delta-flight-20190704-p5248i.html?ref=rss&utm_medium=rss&utm_source=rss_world', 'Delta credited passengers with helping subdue the man who \"became unruly on board\" before the New York-bound flight had to turn back.', '2019-07-04 06:56:19', '2019-07-04 12:40:20', '2019-07-04 12:40:20'),
(3160, 14, 'Several arrested after Hong Kong protest, risk lengthy jail terms', 'https://www.smh.com.au/world/asia/several-arrested-after-hong-kong-protest-risk-lengthy-jail-terms-20190704-p52471.html?ref=rss&utm_medium=rss&utm_source=rss_world', 'Polcie have arrested demonstrators for various offences ranging from vandalism to posting police officers personal identification information on the internet.', '2019-07-04 05:59:07', '2019-07-04 12:40:21', '2019-07-04 12:40:21'),
(3161, 14, 'Trump has big plans for Independence Day but his original ideas were bigger', 'https://www.smh.com.au/world/north-america/trump-has-big-plans-for-independence-day-but-his-original-ideas-were-bigger-20190704-p5243v.html?ref=rss&utm_medium=rss&utm_source=rss_world', 'Following the odd angry shot, the President\'s Fourth of July extravaganza needed a little tweaking.', '2019-07-04 04:42:19', '2019-07-04 12:40:21', '2019-07-04 12:40:21'),
(3162, 14, 'Trump slapped with wall construction freeze', 'https://www.smh.com.au/world/north-america/trump-slapped-with-wall-construction-freeze-20190704-p5241x.html?ref=rss&utm_medium=rss&utm_source=rss_world', 'An appeals court upheld a lower court ruling that prevented the use of counter-drug money to build the border wall with Mexico, stopping all construction.', '2019-07-04 01:24:58', '2019-07-04 12:40:21', '2019-07-04 12:40:21'),
(3163, 14, 'Rain forces 1 million people in Japan to evacuate', 'https://www.smh.com.au/world/asia/rain-forces-1-million-people-in-japan-to-evacuate-20190704-p523y3.html?ref=rss&utm_medium=rss&utm_source=rss_world', 'The massive downpour, which has already brought record levels of rain over the last 72 hours, is set to intensify over the next 12 hours.', '2019-07-04 00:32:16', '2019-07-04 12:40:21', '2019-07-04 12:40:21'),
(3164, 14, 'Woman who was shot while pregnant escapes Alabama manslaughter charge', 'https://www.smh.com.au/world/north-america/woman-who-was-shot-while-pregnant-escapes-alabama-manslaughter-charge-20190704-p523zs.html?ref=rss&utm_medium=rss&utm_source=rss_world', 'The case stirred outrage across the US after a grand jury indicted Marshae Jones, who was accused of starting a fight that resulted in the shooting.', '2019-07-03 23:53:39', '2019-07-04 12:40:21', '2019-07-04 12:40:21'),
(3165, 14, 'Orange fireball lighting Florida sky was Chinese space junk', 'https://www.smh.com.au/world/north-america/orange-fireball-lighting-florida-sky-was-chinese-space-junk-20190704-p52401.html?ref=rss&utm_medium=rss&utm_source=rss_world', 'The American Meteor Society reported two dozen sightings from Jacksonville to Key West after midnight and tweeted there\'s \"no real explanation yet.\"', '2019-07-03 23:31:40', '2019-07-04 12:40:21', '2019-07-04 12:40:21'),
(3166, 14, 'Dubai billionaire ruler\'s \'super divorce\' to be played out in UK court', 'https://www.smh.com.au/world/middle-east/dubai-billionaire-ruler-s-super-divorce-to-be-played-out-in-uk-court-20190704-p523zd.html?ref=rss&utm_medium=rss&utm_source=rss_world', 'The billionaire ruler of Dubai will battle his wife Princess Haya for custody of their two children after she fled the royal palace in the UAE for the UK.', '2019-07-03 23:27:33', '2019-07-04 12:40:21', '2019-07-04 12:40:21'),
(3167, 14, 'Italy\'s Stromboli volcano erupts, fatality reported', 'https://www.smh.com.au/world/europe/italy-s-stromboli-volcano-erupts-fatality-reported-20190704-p523yi.html?ref=rss&utm_medium=rss&utm_source=rss_world', 'Tourists often climb to the 924-metre summit of the volcano and peer into its crater, with small puffs of molten rock regularly blasted into the sky.', '2019-07-03 21:59:32', '2019-07-04 12:40:21', '2019-07-04 12:40:21'),
(3168, 14, 'China missile test in South China Sea \'disturbing\', says Pentagon', 'https://www.smh.com.au/world/asia/china-missile-test-in-south-china-sea-disturbing-says-pentagon-20190704-p523y7.html?ref=rss&utm_medium=rss&utm_source=rss_world', 'The South China Sea is one of a growing number of flashpoints in the US-China relationship, which include a trade war, US sanctions and Taiwan.', '2019-07-03 21:09:32', '2019-07-04 12:40:21', '2019-07-04 12:40:21'),
(3169, 14, '\'Unacceptable\': UK summons Chinese ambassador over Hong Kong comments', 'https://www.smh.com.au/world/europe/unacceptable-uk-summons-chinese-ambassador-over-hong-kong-comments-20190704-p523xs.html?ref=rss&utm_medium=rss&utm_source=rss_world', 'The Foreign Office said Ambassador Liu Xiaoming was called to a meeting over \"unacceptable and inaccurate\" comments relating to Hong Kong\'s protests.', '2019-07-03 20:14:59', '2019-07-04 12:40:21', '2019-07-04 12:40:21'),
(3170, 14, 'With tanks ready to roll, Donald Trump\'s July 4th parade divides US', 'https://www.smh.com.au/world/north-america/with-tanks-ready-to-roll-donald-trump-s-july-4th-parade-divides-us-20190704-p523xp.html?ref=rss&utm_medium=rss&utm_source=rss_world', 'Trump is billing his production on Washington\'s monument-lined National Mall as a tribute to the American armed forces. Not everyone agrees.', '2019-07-03 19:46:18', '2019-07-04 12:40:21', '2019-07-04 12:40:21'),
(3171, 14, 'Unhappy returns: Imelda Marcos\' 90th birthday bash ruined as 261 hospitalised', 'https://www.smh.com.au/world/asia/unhappy-returns-imelda-marcos-90th-birthday-bash-ruined-as-261-hospitalised-20190704-p523xk.html?ref=rss&utm_medium=rss&utm_source=rss_world', 'Emergency rooms in the city\'s Pasig area were inundated with patients vomiting and suffering from diarrhoea and dizziness,', '2019-07-03 18:30:31', '2019-07-04 12:40:21', '2019-07-04 12:40:21'),
(3172, 14, 'Teen accused of rape deserves leniency because he’s from ‘good family’, US judge says', 'https://www.smh.com.au/world/north-america/teen-accused-of-rape-deserves-leniency-because-he-s-from-good-family-us-judge-says-20190704-p523xi.html?ref=rss&utm_medium=rss&utm_source=rss_world', 'After he filmed himself penetrating a 16-year-old intoxicated girl, he joked to his friends that it was rape. But a New Jersey judge disagreed.', '2019-07-03 18:00:55', '2019-07-04 12:40:21', '2019-07-04 12:40:21'),
(3173, 14, 'Body of Sydney mountaineer retrieved after Indian avalanche', 'https://www.smh.com.au/world/asia/body-of-sydney-mountaineer-retrieved-after-indian-avalanche-20190704-p523xe.html?ref=rss&utm_medium=rss&utm_source=rss_world', 'Just days after Ruth McCance was farewelled at a Sydney memorial service her body has been airlifted off a remote mountain in India\'s Himalayas.', '2019-07-03 16:55:36', '2019-07-04 12:40:21', '2019-07-04 12:40:21'),
(3174, 14, 'Trump’s hijacking of the Fourth of July just got a lot uglier', 'https://www.smh.com.au/world/north-america/trump-s-hijacking-of-the-fourth-of-july-just-got-a-lot-uglier-20190704-p523xa.html?ref=rss&utm_medium=rss&utm_source=rss_world', 'The whole story Trump is telling in his planned Fourth of July military extravaganza is false, and it is producing epic policy disasters.', '2019-07-03 16:32:39', '2019-07-04 12:40:21', '2019-07-04 12:40:21'),
(3175, 14, 'Picture Editor\'s Choice, July 4, 2019', 'https://www.smh.com.au/world/picture-editors-choice-march-30-2019-20190329-h1cyse.html?ref=rss&utm_medium=rss&utm_source=rss_world', 'The finest photos from the international wire agencies as chosen by our picture editors.', '2019-07-03 14:00:00', '2019-07-04 12:40:21', '2019-07-04 12:40:21'),
(3176, 14, 'Iran to boost uranium enrichment level above nuclear pact\'s limit, Rouhani says', 'https://www.smh.com.au/world/middle-east/iran-to-boost-uranium-enrichment-level-above-nuclear-pact-s-limit-rouhani-says-20190703-p523x2.html?ref=rss&utm_medium=rss&utm_source=rss_world', 'Iran will boost its uranium enrichment after July 7 to whatever levels it needs beyond the cap set in the landmark 2015 nuclear deal, defying US efforts to force Tehran into renegotiating the pact.', '2019-07-03 13:15:25', '2019-07-04 12:40:21', '2019-07-04 12:40:21'),
(3177, 14, '\'Australia is close to my heart\': Tory grandee takes up new Britain-Australia role', 'https://www.smh.com.au/world/europe/australia-is-close-to-my-heart-tory-grandee-takes-up-new-britain-australia-role-20190703-p523kh.html?ref=rss&utm_medium=rss&utm_source=rss_world', 'Former foreign secretary William Hague hopes to end the benign neglect that has often characterised a very familiar relationship.', '2019-07-03 12:49:12', '2019-07-04 12:40:21', '2019-07-04 12:40:21'),
(3178, 14, 'Gallery: The best photos from around the world', 'https://www.smh.com.au/world/gallery-the-best-photos-from-around-the-world-20190703-h1fxa7.html?ref=rss&utm_medium=rss&utm_source=rss_world', 'The best photos from the international wire agencies as chosen by our picture editors\n', '2019-07-03 09:37:10', '2019-07-04 12:40:22', '2019-07-04 12:40:22'),
(3179, 14, 'Visy Recycling behind \'toxic\' plastic waste container in Indonesia', 'https://www.smh.com.au/world/asia/visy-recycling-behind-toxic-plastic-waste-container-in-indonesia-20190703-p523s0.html?ref=rss&utm_medium=rss&utm_source=rss_world', 'Visy\'s \'toxic\' plastic waste will be returned to Australia from the Indonesian city of Batam after Indonesian authorities put their foot down.', '2019-07-03 09:31:00', '2019-07-04 12:40:22', '2019-07-04 12:40:22'),
(3180, 14, 'New EU leaders inherit a fragmented and fussy bloc', 'https://www.smh.com.au/world/europe/new-eu-leaders-inherit-a-fragmented-and-fussy-bloc-20190703-p523s4.html?ref=rss&utm_medium=rss&utm_source=rss_world', 'After gruelling and bitter negotiations, the EU finally decided on the heads of its key institutions, by putting forward two women for the most important jobs.', '2019-07-03 08:03:52', '2019-07-04 12:40:22', '2019-07-04 12:40:22'),
(3181, 14, 'After an epic wrangle, women to head EU institutions for first time', 'https://www.smh.com.au/world/europe/after-an-epic-wrangle-women-to-head-eu-institutions-for-first-time-20190703-p523tv.html?ref=rss&utm_medium=rss&utm_source=rss_world', 'After three days of brutal horsetrading and weeks of consultations, a German stands to lead the European Union, while a French national will lead the Central Bank.', '2019-07-03 07:06:55', '2019-07-04 12:40:22', '2019-07-04 12:40:22'),
(3182, 14, 'Visiting China? You may find a new app digging into your phone', 'https://www.smh.com.au/world/asia/visiting-china-you-may-find-a-new-app-digging-into-your-phone-20190703-p523qu.html?ref=rss&utm_medium=rss&utm_source=rss_world', 'China\'s digital dragnet is expanding beyond Muslim residents, ensnaring tourists, traders and other visitors — fishing for their data.', '2019-07-03 05:43:56', '2019-07-04 12:40:22', '2019-07-04 12:40:22'),
(3183, 14, 'Air strike kills dozens of migrants in Tripoli detention centre', 'https://www.smh.com.au/world/middle-east/air-strike-kills-dozens-of-migrants-in-tripoli-detention-centre-20190703-p523sa.html?ref=rss&utm_medium=rss&utm_source=rss_world', 'Footage from the centre, which houses 616 migrants and refugees, appeared to show blood and body parts mixed with rubble and migrants\' belongings.', '2019-07-03 04:58:33', '2019-07-04 12:40:22', '2019-07-04 12:40:22'),
(3184, 14, 'Viking chess piece sells for more than $1 million at auction', 'https://www.smh.com.au/world/europe/viking-chess-piece-sells-for-more-than-1-million-at-auction-20190703-p523rn.html?ref=rss&utm_medium=rss&utm_source=rss_world', 'The Lewis Chessmen are intricate, expressive chess pieces in the form of Norse warriors, carved from walrus ivory in the 12th century.', '2019-07-03 04:06:47', '2019-07-04 12:40:22', '2019-07-04 12:40:22'),
(3185, 14, 'US, Germany infuriate China by slamming its treatment of Muslims', 'https://www.smh.com.au/world/asia/us-germany-infuriate-china-by-slamming-its-treatment-of-muslims-20190703-p523qi.html?ref=rss&utm_medium=rss&utm_source=rss_world', 'The exchange, described by some diplomats as \"heated\", occurred during a closed-door discussion at the United Nations.', '2019-07-03 03:22:35', '2019-07-04 12:40:22', '2019-07-04 12:40:22'),
(3186, 14, 'Xi walks political tightrope as mass protests put his power in doubt', 'https://www.smh.com.au/world/asia/xi-walks-political-tightrope-as-mass-protests-put-his-power-in-doubt-20190703-p523o9.html?ref=rss&utm_medium=rss&utm_source=rss_world', 'The unrest in the former British colony over the past month has presented the biggest challenge to the Chinese President\'s authority yet', '2019-07-03 03:00:46', '2019-07-04 12:40:22', '2019-07-04 12:40:22'),
(3187, 14, 'Judge releases Sea-Watch captain who docked migrant ship against Italy\'s wishes', 'https://www.smh.com.au/world/europe/judge-releases-sea-watch-captain-who-docked-migrant-ship-against-italy-s-wishes-20190703-p523nf.html?ref=rss&utm_medium=rss&utm_source=rss_world', 'Police arrested Carola Rackete on Saturday after she steered the ship to a dock at Italy\'s tiny Lampedusa island without authorisation to enter the port.', '2019-07-03 00:58:17', '2019-07-04 12:40:22', '2019-07-04 12:40:22'),
(3188, 14, 'Another princess flees the Emirati royal family, seeks asylum in Britain', 'https://www.smh.com.au/world/middle-east/another-princess-flees-the-emirati-royal-family-seeks-asylum-in-britain-20190703-p523mh.html?ref=rss&utm_medium=rss&utm_source=rss_world', 'Princess Haya, the most visible and glamorous of the reported six wives of the UAE\'s leader Sheikh Mohammed bin Rashid al-Maktoum has left him.', '2019-07-03 00:47:27', '2019-07-04 12:40:22', '2019-07-04 12:40:22'),
(3189, 14, '\'Smacks of corruption\': Warren calls on ex-FDA chief to quit Pfizer', 'https://www.smh.com.au/world/north-america/smacks-of-corruption-warren-calls-on-ex-fda-chief-to-quit-pfizer-20190703-p523kp.html?ref=rss&utm_medium=rss&utm_source=rss_world', 'The former head of the US Food and Drug Administration has caused an uproar after he joined Pfizer\'s board of directors.', '2019-07-02 22:06:57', '2019-07-04 12:40:22', '2019-07-04 12:40:22'),
(3190, 14, 'Arctic fox stuns scientists by trekking 3500 kilometres in 76 days', 'https://www.smh.com.au/world/europe/arctic-fox-stuns-scientists-by-trekking-3500-km-in-76-days-20190703-p523kc.html?ref=rss&utm_medium=rss&utm_source=rss_world', 'Researchers were so astounded at the animal\'s journey that at first they thought it had died and somehow been carried to Canada on a ship.', '2019-07-02 22:00:00', '2019-07-04 12:40:22', '2019-07-04 12:40:22'),
(3191, 14, 'Thieves steal 150 bottles of world\'s most expensive wine from French restaurant', 'https://www.smh.com.au/world/europe/thieves-steal-150-bottles-of-world-s-most-expensive-wine-from-french-restaurant-20190703-p523k1.html?ref=rss&utm_medium=rss&utm_source=rss_world', 'Thieves have broken into the cellar of a Michelin-starred restaurant in Paris and made off with at least 150 bottles of some of the world\'s most expensive wine.', '2019-07-02 22:00:00', '2019-07-04 12:40:22', '2019-07-04 12:40:22'),
(3192, 14, 'Ursula von der Leyen nominated as head of the European Commission', 'https://www.smh.com.au/world/europe/ursula-von-der-leyen-nominated-as-head-of-the-european-commission-20190703-p523jr.html?ref=rss&utm_medium=rss&utm_source=rss_world', 'EU leaders have broken a deadlock and nominated Germany\'s defence minister to become the new president of the bloc\'s powerful executive arm, the European Commission.', '2019-07-02 19:57:14', '2019-07-04 12:40:22', '2019-07-04 12:40:22'),
(3193, 14, '\'Conditions are awful\': Congressman shares video of migrants held at border', 'https://www.smh.com.au/world/north-america/conditions-are-awful-congressman-shares-video-of-migrants-held-at-border-20190703-p523jn.html?ref=rss&utm_medium=rss&utm_source=rss_world', 'Democratic Representative Joaquin Castro said he had no second thoughts about taking and sharing the images despite a request to leave his phone outside.', '2019-07-02 19:35:32', '2019-07-04 12:40:23', '2019-07-04 12:40:23'),
(3194, 14, 'Politicians condemn \'vulgar\' posts in secret US border agent Facebook group', 'https://www.smh.com.au/world/north-america/politicians-condemn-vulgar-posts-in-secret-us-border-agent-facebook-group-20190703-p523jc.html?ref=rss&utm_medium=rss&utm_source=rss_world', 'US Border Patrol agents targeted migrants and some prominent politicians like Alexandria Ocasio-Cortez in \"vile\" attacks.', '2019-07-02 16:57:21', '2019-07-04 12:40:23', '2019-07-04 12:40:23'),
(3195, 14, 'Fire on Russian navy submersible kills 14 sailors', 'https://www.smh.com.au/world/europe/fire-on-russian-navy-submersible-kills-14-sailors-defence-ministry-says-20190703-p523j8.html?ref=rss&utm_medium=rss&utm_source=rss_world', 'The ministry said that the blaze broke out while the vessel was performing tests in Russia\'s territorial waters.', '2019-07-02 15:04:38', '2019-07-04 12:40:23', '2019-07-04 12:40:23'),
(3196, 14, 'Authoritarians engage in the ultimate form of identity politics', 'https://www.smh.com.au/world/oceania/authoritarians-engage-in-the-ultimate-form-of-identity-politics-20190701-p522vz.html?ref=rss&utm_medium=rss&utm_source=rss_world', 'Those who support liberal democracy need to articulate ideals in which we all have a stake, no matter our background.', '2019-07-02 13:32:00', '2019-07-04 12:40:23', '2019-07-04 12:40:23'),
(3197, 14, 'Indonesia rejects \'toxic\' Australian plastic recycling', 'https://www.smh.com.au/world/asia/indonesia-rejects-toxic-australian-plastic-recycling-20190701-p5235f.html?ref=rss&utm_medium=rss&utm_source=rss_world', 'Australia has been sending plastic waste to Indonesia for recycling but this island near Singapore has had enough of toxic rubbish from western countries.', '2019-07-02 13:14:00', '2019-07-04 12:40:23', '2019-07-04 12:40:23'),
(3198, 14, '\'A man-made crisis\': As a major Indian city runs out of water, 9 million people pray for rain', 'https://www.smh.com.au/world/asia/a-man-made-crisis-as-a-major-indian-city-runs-out-of-water-9-million-people-pray-for-rain-20190702-p523ig.html?ref=rss&utm_medium=rss&utm_source=rss_world', 'Chennai is struggling with an acute water shortage, and experts warn that the city’s struggles are a harbinger of things to come for India as its population grows, urbanisation intensifies and global temperatures rise.', '2019-07-02 12:00:00', '2019-07-04 12:40:23', '2019-07-04 12:40:23'),
(3199, 14, 'Heavy rain kills scores in Mumbai', 'https://www.smh.com.au/world/asia/heavy-rain-kills-scores-in-mumbai-20190702-p523ga.html?ref=rss&utm_medium=rss&utm_source=rss_world', 'The rain caused a wall to collapse over houses, flooded roads and waterlogged train tracks.', '2019-07-02 06:47:34', '2019-07-04 12:40:23', '2019-07-04 12:40:23'),
(3200, 14, 'Violent actions in Hong Kong an \'undisguised challenge\': Chinese media', 'https://www.smh.com.au/world/asia/violent-actions-in-hong-kong-an-undisguised-challenge-chinese-media-20190702-p523f3.html?ref=rss&utm_medium=rss&utm_source=rss_world', 'A China representative in Hong Kong condemned the vandalising of the city\'s legislative building, as state media aired footage in a break with censors.', '2019-07-02 06:11:50', '2019-07-04 12:40:23', '2019-07-04 12:40:23'),
(3201, 14, 'Ivanka Trump wants power, and laughing at her expense won\'t stop her', 'https://www.smh.com.au/world/north-america/ivanka-trump-wants-power-and-laughing-at-her-expense-wont-stop-her-20190702-p523d9.html?ref=rss&utm_medium=rss&utm_source=rss_world', 'Whatever you may think of Ivanka Trump\'s complicity in her father\'s administration, or the amoral nature of her ambition, it\'d be a mistake to write her off.', '2019-07-02 04:41:25', '2019-07-04 12:40:23', '2019-07-04 12:40:23'),
(3202, 14, 'World of Photos TEST ONLY', 'https://www.smh.com.au/world/world-of-photos-test-only-20190702-h1fvdl.html?ref=rss&utm_medium=rss&utm_source=rss_world', 'The best photos from the international wire agencies as chosen by our picture editors.', '2019-07-02 03:26:23', '2019-07-04 12:40:23', '2019-07-04 12:40:23'),
(3203, 14, 'Limousines and vodka: How Kim Jong-un imports luxury despite sanctions', 'https://www.smh.com.au/world/asia/limousines-and-vodka-how-kim-jong-un-imports-luxury-despite-sanctions-20190702-p5239g.html?ref=rss&utm_medium=rss&utm_source=rss_world', 'Sanctions bar North Korea from purchasing certain luxury goods - such as jewellery, yachts and limousines, like the one Kim used to ferry him around important meetings.', '2019-07-02 02:07:00', '2019-07-04 12:40:23', '2019-07-04 12:40:23'),
(3204, 14, 'Russia asks US for prisoner swap for cocaine smuggler: report', 'https://www.smh.com.au/world/europe/russia-asks-us-for-prisoner-swap-for-cocaine-smuggler-report-20190702-p52384.html?ref=rss&utm_medium=rss&utm_source=rss_world', 'The Russian Deputy Foreign Minister has been reported calling for Russian pilot jailed for 20 years to be swapped \"for an American or Americans who are serving their sentence here\".', '2019-07-02 01:25:02', '2019-07-04 12:40:23', '2019-07-04 12:40:23'),
(3205, 14, 'UK Chancellor warns Johnson, Hunt about impossible spending promises', 'https://www.smh.com.au/world/europe/uk-chancellor-warns-johnson-hunt-on-spending-promises-20190702-p5237b.html?ref=rss&utm_medium=rss&utm_source=rss_world', 'The two contenders for the prime ministership have been warned that their expensive spending promises might be impossible to deliver.', '2019-07-01 23:43:20', '2019-07-04 12:40:23', '2019-07-04 12:40:23'),
(3206, 15, 'The Mac Open Web', 'http://www.freeke.org/ffg/2019/05/24/the_mac_open_web', '', '2019-05-24 19:45:34', '2019-07-04 12:47:19', '2019-07-04 12:47:19'),
(3207, 15, 'Hey, Bought A House Yesterday', 'http://www.freeke.org/ffg/2019/04/04/house', '', '2019-04-04 22:51:34', '2019-07-04 12:47:19', '2019-07-04 12:47:19'),
(3208, 15, 'iPad Air (2019)', 'http://www.freeke.org/ffg/2019/03/29/ipad_air_2019', '', '2019-03-29 22:54:44', '2019-07-04 12:47:19', '2019-07-04 12:47:19'),
(3209, 15, 'Our Cat Thinks He’s A Dog', 'http://www.freeke.org/ffg/2018/12/19/ziggy_fetch', '', '2018-12-19 15:25:04', '2019-07-04 12:47:19', '2019-07-04 12:47:19'),
(3210, 15, 'Computational', 'http://www.freeke.org/ffg/2018/10/13/cider_mill_iphone_xs', '', '2018-10-13 16:23:51', '2019-07-04 12:47:19', '2019-07-04 12:47:19'),
(3211, 15, 'They Don’t Call Them TicketBastard For Nothing', 'http://www.freeke.org/ffg/2018/09/20/ticketmaster_scalping', '', '2018-09-20 16:27:53', '2019-07-04 12:47:20', '2019-07-04 12:47:20'),
(3212, 15, 'Ziggy The Hunter', 'http://www.freeke.org/ffg/2018/09/13/ziggy_hunter', '', '2018-09-13 20:55:37', '2019-07-04 12:47:20', '2019-07-04 12:47:20'),
(3213, 15, 'Welcome Home, Ziggy', 'http://www.freeke.org/ffg/2018/09/11/ziggy_comes_home', '', '2018-09-11 15:31:35', '2019-07-04 12:47:20', '2019-07-04 12:47:20'),
(3214, 15, 'Jacob Starts Elementary School Today', 'http://www.freeke.org/ffg/2018/09/04/jacob_first_day', '', '2018-09-04 20:32:29', '2019-07-04 12:47:20', '2019-07-04 12:47:20'),
(3215, 15, 'Garden Tomatoes', 'http://www.freeke.org/ffg/2018/08/03/tomatoes', '', '2018-08-03 16:03:09', '2019-07-04 12:47:20', '2019-07-04 12:47:20'),
(3216, 15, 'Closing Out 2017 In The Snow', 'http://www.freeke.org/ffg/2017/12/31/2017_Dec_31', '', '2018-01-01 01:15:25', '2019-07-04 12:47:20', '2019-07-04 12:47:20'),
(3217, 15, 'Airpods Are Awesome (With a Couple of Caveats)', 'http://www.freeke.org/ffg/2017/11/22/airpods', '', '2017-11-22 22:19:56', '2019-07-04 12:47:20', '2019-07-04 12:47:20'),
(3218, 15, 'Fez-Wearing Dragon in the Living Room', 'http://www.freeke.org/ffg/2017/10/07/ar_dragon', '', '2017-10-07 14:21:29', '2019-07-04 12:47:20', '2019-07-04 12:47:20'),
(3219, 15, 'Little Boy, Doing Little Boy Things', 'http://www.freeke.org/ffg/2017/07/23/jacob_starr-park', '', '2017-07-23 14:44:52', '2019-07-04 12:47:20', '2019-07-04 12:47:20'),
(3220, 15, 'Red Tea', 'http://www.freeke.org/ffg/2017/05/18/rooibos', '', '2017-05-18 22:08:30', '2019-07-04 12:47:20', '2019-07-04 12:47:20'),
(3221, 15, 'JSON Feed', 'http://www.freeke.org/ffg/2017/05/18/jsonfeed', '', '2017-05-18 21:24:48', '2019-07-04 12:47:20', '2019-07-04 12:47:20'),
(3222, 15, 'Never. Sleeping. Again.', 'http://www.freeke.org/ffg/2017/04/17/neversleep', '', '2017-04-17 15:44:14', '2019-07-04 12:47:20', '2019-07-04 12:47:20'),
(3223, 15, 'Jake’s Cake', 'http://www.freeke.org/ffg/2017/01/05/jake_cake', '', '2017-01-05 17:15:23', '2019-07-04 12:47:20', '2019-07-04 12:47:20'),
(3224, 1, 'Egypt says King Tut sculpture up for auction was stolen', 'https://www.cbsnews.com/news/king-tut-egypt-lashes-out-at-christies-auction-house-over-sale-of-bust/', '\"I really believe that Christie\'s should have some ethics,\" said former Egyptian antiquities minister Zahi Hawass', '2019-07-04 12:03:56', '2019-07-04 12:49:46', '2019-07-04 12:49:46'),
(3225, 1, 'Egypt lashes out at Christie\'s auction house over sale of King Tut sculpture', 'https://www.cbsnews.com/video/egypt-lashes-out-at-christies-auction-house-over-sale-of-king-tut-sculpture/', 'A stone sculpture of Egypt’s famous King Tut is at the center of an international dispute. The bust of the revered \"boy king\" is set to be auctioned off on Thursday in London for an expected $5 million. But Egypt’s government says the artifact was stolen and wants the sale stopped.  Charlie D\'Agata reports.', '2019-07-04 12:31:29', '2019-07-04 12:49:46', '2019-07-04 12:49:46'),
(3226, 1, 'Putin: Submarine hit by deadly fire is nuclear-powered', 'https://www.cbsnews.com/news/russian-submarine-hit-by-fatal-fire-is-nuclear-powered-official-confirms/', 'Defense minister says reactor wasn\'t affected by fire that killed 14 sailors; Russian media describe vessel as part of top-secret project', '2019-07-04 11:36:31', '2019-07-04 12:49:46', '2019-07-04 12:49:46'),
(3227, 1, 'Australian student detained by North Korea freed after a week', 'https://www.cbsnews.com/news/alek-sigley-australian-student-detained-north-korea-freed-after-week-today-2019-07-04/', 'Alek Sigley told reporters in Beijing he\'s in \"very good\" condition but didn\'t say why he was taken into custody; Swedish diplomats got him released', '2019-07-04 10:39:51', '2019-07-04 12:49:46', '2019-07-04 12:49:46'),
(3228, 1, 'Powerful Category 4 hurricane pushing across the Pacific', 'https://www.cbsnews.com/news/hurricane-barbara-pacific-hawaii-track-path-models-forecast-category-4-today-2019-07-03/', 'U.S. National Hurricane Center says Hurricane Barbara had maximum sustained winds of 145 mph early Wednesday', '2019-07-04 00:19:59', '2019-07-04 12:49:46', '2019-07-04 12:49:46'),
(3229, 1, 'Border Patrol agent discusses conditions inside detention centers', 'https://www.cbsnews.com/news/migrant-detention-centers-border-patrol-agent-describes-facility-2019-07-03/', 'A recent report found children have no access to soap and water and men were stuffed into standing room only cells', '2019-07-04 01:36:55', '2019-07-04 12:49:46', '2019-07-04 12:49:46'),
(3230, 1, '1 killed after volcano erupts on Italian island of Stromboli', 'https://www.cbsnews.com/news/volcano-eruption-stromboli-island-italy-sicily-today-2019-07-03/', 'Authorities said a hiker was killed Wednesday and molten material from the volcano ignited a series of fires', '2019-07-04 00:00:06', '2019-07-04 12:49:47', '2019-07-04 12:49:47'),
(3231, 1, 'Navy SEAL sentenced to pay cut and demotion but no more jail time', 'https://www.cbsnews.com/news/navy-seal-edward-gallagher-acquitted-killing-isis-captive-sentenced-for-posing-with-corpse-2019-07-03/', 'Gallagher was acquitted one day earlier of killing a 17-year-old ISIS militant', '2019-07-04 01:11:50', '2019-07-04 12:49:47', '2019-07-04 12:49:47'),
(3232, 1, 'New Army uniforms a nod to World War II', 'https://www.cbsnews.com/video/new-army-uniforms-a-nod-to-world-war-ii/', 'The Army is getting new uniforms that make look familiar. The olive green is inspired by the uniforms worn by soldiers during World War II. David Martin got a look.', '2019-07-03 23:29:35', '2019-07-04 12:49:47', '2019-07-04 12:49:47'),
(3233, 1, 'Boeing pledges $100 million to victims of 737 Max crashes', 'https://www.cbsnews.com/video/boeing-pledges-100-million-to-victims-of-737-max-crashes/', 'In the aftermath of two 737 Max crashes, Boeing has pledged $100 million over multiple years to help with living expenses for families of the people killed. The payout will also go to support education and hardship expenses in impacted communities. Kris Van Cleave reports.', '2019-07-04 02:11:38', '2019-07-04 12:49:47', '2019-07-04 12:49:47'),
(3234, 1, 'Border Patrol agent discusses conditions inside migrant facilities', 'https://www.cbsnews.com/video/border-patrol-agent-discusses-conditions-inside-migrant-facilities/', 'President Trump is pushing back against reports that migrants are being held in horrible conditions in detention centers at the border. That\'s at odds with what a recent report by the Department of Homeland Security\'s internal watchdog. Mireya Villarreal spoke with a Border Patrol agent about what he has seen.', '2019-07-04 01:10:24', '2019-07-04 12:49:47', '2019-07-04 12:49:47'),
(3235, 1, 'Reporter details China\'s \"Orwellian\" surveillance of Uighur Muslims', 'https://www.cbsnews.com/news/china-puts-uighurs-uyghyrs-muslim-children-in-prison-re-education-internment-camps-vice-news/', 'More than a million Chinese Uighur Muslims are being detained in government \"re-education\" camps', '2019-07-03 19:06:37', '2019-07-04 12:49:47', '2019-07-04 12:49:47'),
(3236, 1, 'Boeing to pay $100 million to victims of 737 Max crash', 'https://www.cbsnews.com/news/boeing-to-pay-100-million-to-victims-of-737-max-crash-lion-air-ethiopian-airlines/', 'The fund, which will be paid out over several years, is separate from any legal settlements negotiated over the crashes', '2019-07-03 16:36:46', '2019-07-04 12:49:47', '2019-07-04 12:49:47'),
(3237, 1, 'Why the U.S. could \"possibly lose\" war against China in East Asia', 'https://www.cbsnews.com/news/us-could-possibly-lose-war-against-china-in-east-asia-michael-morell-says/', 'China \"has gained on us more rapidly than any other country has in history, militarily,\" says former deputy director and acting director of the CIA Michael Morell', '2019-07-03 15:16:03', '2019-07-04 12:49:47', '2019-07-04 12:49:47'),
(3238, 1, 'USA Women\'s soccer jersey is Nike\'s best-selling soccer top', 'https://www.cbsnews.com/news/uswnt-jersey-usa-womens-soccer-top-becomes-nikes-best-selling-soccer-jersey/', 'The top is outselling all men\'s team jerseys, a boost that comes as the women\'s team is battling for equal pay', '2019-07-03 12:52:53', '2019-07-04 12:49:47', '2019-07-04 12:49:47'),
(3239, 1, 'U.S. could \"possibly lose\" war against China in East Asia, ex-CIA chief says', 'https://www.cbsnews.com/video/u-s-could-possibly-lose-war-against-china-in-east-asia-ex-cia-chief-says/', 'China, considered by many to be the United States\' top national security threat, poses a number of threats. The country\'s expanding global influence directly competes with America’s military, economic, and technological might, and the U.S. has lost billions in stolen intellectual property. Former acting CIA director Mike Morell joins \"CBS This Morning\" to discuss how to fight China\'s growing global influence.', '2019-07-03 20:21:29', '2019-07-04 12:49:47', '2019-07-04 12:49:47'),
(3240, 1, 'See drawings from children who were in U.S. border facilities', 'https://www.cbsnews.com/news/migrant-children-drawings-held-in-border-patrol-facilities-show-cage-like-conditions/', 'The incoming president of the American Academy of Pediatrics received the pictures from a social worker', '2019-07-04 02:02:48', '2019-07-04 12:49:47', '2019-07-04 12:49:47'),
(3241, 1, 'Japan tells more than 1 million to flee as downpour brings havoc', 'https://www.cbsnews.com/news/flooding-in-japan-evacuation-directive-more-than-1-million-kyushu-rains-today-2019-07-03/', 'Residents in parts of main island of Kyushu directed to evacuate to designated shelters as heavy rains batter region', '2019-07-03 11:08:03', '2019-07-04 12:49:47', '2019-07-04 12:49:47'),
(3242, 1, 'Navy SEAL cleared of murdering ISIS fighter in war crimes trial', 'https://www.cbsnews.com/video/navy-seal-cleared-of-murdering-isis-fighter-in-war-crimes-trial/', 'A decorated Navy SEAL is expected back in court Wednesday after being acquitted of the most serious charged in a war crimes trial. A military jury cleared special operations chief Edward Gallagher of premeditated murder. He still faces sentencing on a charge of posing with a militant’s body. Jonathan Vigliotti reports', '2019-07-03 20:38:09', '2019-07-04 12:49:47', '2019-07-04 12:49:47'),
(3243, 1, 'See drawings from children recently released from Border Patrol facilities', 'https://www.cbsnews.com/video/see-drawings-from-children-recently-released-from-border-patrol-facilities/', 'The incoming president of the American Academy of Pediatrics toured two Customs and Border Protection facilities last week and told CBS News the detention centers are no place for children. Dr. Sara Goza received pictures from a social worker that were drawn by children recently released from CBP custody, showing them in cages.', '2019-07-03 20:37:51', '2019-07-04 12:49:47', '2019-07-04 12:49:47'),
(3244, 2, 'Seine Tochter liebt einen SPD-Mann: CDU-Politiker Wolfgang Bosbach macht jetzt Sprüche', 'https://www.express.de/news/politik-und-wirtschaft/seine-tochter-liebt-einen-spd-mann-cdu-politiker-wolfgang-bosbach-macht-jetzt-sprueche-29018792?dmcid=f_feed_News', 'Verpassen Sie hier keine Politik-News.', '2019-07-04 12:09:00', '2019-07-04 12:49:48', '2019-07-04 12:49:48'),
(3245, 2, 'Costa Cordalis (†75): „Katze“ trauert extrem bewegend: „War ein Vater für mich“', 'https://www.express.de/news/promi-und-show/costa-cordalis---75---katze--trauert-extrem-bewegend---war-ein-vater-fuer-mich--32799948?dmcid=f_feed_News', 'Die Schlagerlegende starb auf Mallorca.', '2019-07-04 11:30:00', '2019-07-04 12:49:48', '2019-07-04 12:49:48'),
(3246, 2, '16 Jahre zwischen ihnen: Sky-Moderator heiratet heimlich Kollegin – sie flittern schon', 'https://www.express.de/news/promi-und-show/16-jahre-zwischen-ihnen-sky-moderator-heiratet-heimlich-kollegin---sie-flittern-schon-32803308?dmcid=f_feed_News', 'Das ist mal eine echte Sky-Liebe.', '2019-07-04 11:14:00', '2019-07-04 12:49:48', '2019-07-04 12:49:48'),
(3247, 2, 'Sie ist splitterfasernackt: Sexy Model zeigt uns den großen Vorteil beim FKK-Baden', 'https://www.express.de/news/promi-und-show/sie-ist-splitterfasernackt-sexy-model-zeigt-uns-den-grossen-vorteil-beim-fkk-baden-32800436?dmcid=f_feed_News', 'Wie sexy ist das denn?', '2019-07-04 10:03:32', '2019-07-04 12:49:48', '2019-07-04 12:49:48'),
(3248, 2, 'Abwasch-Hilfe: Diesen Spülmaschinen-Trick kennen nur wenige – dabei ist er genial', 'https://www.express.de/news/politik-und-wirtschaft/geld/abwasch-hilfe-diesen-spuelmaschinen-trick-kennen-nur-wenige---dabei-ist-er-genial-29708554?dmcid=f_feed_News', 'Was Sie tun müssen, damit auch große Teller und Töpfe in die Maschine passen.', '2019-07-04 09:59:00', '2019-07-04 12:49:48', '2019-07-04 12:49:48'),
(3249, 2, '„Das Beste kommt eben zum Schluss“: Mallorca-Kultstar feiert Comeback in ARD-Serie', 'https://www.express.de/news/promi-und-show/-das-beste-kommt-eben-zum-schluss--mallorca-kultstar-feiert-comeback-in-ard-serie-32802340?dmcid=f_feed_News', 'Die finale Folge wird voraussichtlich im März 2020 zu sehen sein.', '2019-07-04 08:59:00', '2019-07-04 12:49:48', '2019-07-04 12:49:48'),
(3250, 2, 'Krasse Verwandlung: Curvy Model speckt 60 Kilo ab – mit spezieller OP', 'https://www.express.de/news/promi-und-show/krasse-verwandlung-curvy-model-speckt-60-kilo-ab---mit-spezieller-op-32802576?dmcid=f_feed_News', 'Ihre Kilos waren ihr Kapital – bevor sie ihr Leben bedrohten…', '2019-07-04 08:53:00', '2019-07-04 12:49:48', '2019-07-04 12:49:48'),
(3251, 2, 'Heute : Düsseldorf ruft den Klimanotstand aus', 'https://www.express.de/news/panorama/heute--duesseldorf-ruft-den-klimanotstand-aus-32663156?dmcid=f_feed_News', 'Die Landeshauptstadt will handeln - und zwar möglichst schnell.', '2019-07-04 07:36:00', '2019-07-04 12:49:48', '2019-07-04 12:49:48'),
(3252, 2, 'Alles streng vegan: RTL-Star verbietet ihren Jungs Fleisch', 'https://www.express.de/news/promi-und-show/alles-streng-vegan-rtl-star-verbietet-ihren-jungs-fleisch-32793652?dmcid=f_feed_News', 'Neue Regeln...', '2019-07-04 07:21:00', '2019-07-04 12:49:48', '2019-07-04 12:49:48'),
(3253, 2, 'Krasse Bilder: Großbrand: 45.000 Fässer Jim Beam gehen in Flammen auf', 'https://www.express.de/news/panorama/krasse-bilder-grossbrand--45-000-faesser-jim-beam-gehen-in-flammen-auf-32801456?dmcid=f_feed_News', 'Die Feuerwehr kämpfte gegen die Flammen. ', '2019-07-04 06:11:00', '2019-07-04 12:49:48', '2019-07-04 12:49:48'),
(3254, 2, 'Stromboli in Italien ausgebrochen: Touristen springen panisch ins Meer – ein Todesopfer', 'https://www.express.de/news/panorama/stromboli-in-italien-ausgebrochen-touristen-springen-panisch-ins-meer---ein-todesopfer-32800806?dmcid=f_feed_News', 'Der Vulkan Stromboli ist zu einem tödlichen Ort geworden.', '2019-07-04 05:08:00', '2019-07-04 12:49:48', '2019-07-04 12:49:48'),
(3255, 2, 'Nach der Gluthitze: So kühl wird der Donnerstag im Rheinland', 'https://www.express.de/news/panorama/nach-der-gluthitze-so-kuehl-wird-der-donnerstag-im-rheinland-31777932?dmcid=f_feed_News', 'Hier gibt es die aktuellen Wetter-Aussichten für Sie.', '2019-07-04 04:43:00', '2019-07-04 12:49:48', '2019-07-04 12:49:48'),
(3256, 2, 'Drama in den Alpen: Deutsche Sportler stürzen in Gletscherspalte – eine Frau stirbt', 'https://www.express.de/news/panorama/drama-in-den-alpen-deutsche-sportler-stuerzen-in-gletscherspalte---eine-frau-stirbt-32800716?dmcid=f_feed_News', 'Tragisches Unglück in den italienischen Alpen.', '2019-07-03 19:23:21', '2019-07-04 12:49:48', '2019-07-04 12:49:48'),
(3257, 2, 'Was war denn da los? : FC-Legende und Ex-Weltmeister tritt als schräger Rocker auf', 'https://www.express.de/news/promi-und-show/was-war-denn-da-los---fc-legende-und-ex-weltmeister-tritt-als-schraeger-rocker-auf-32799578?dmcid=f_feed_News', 'Dafür passte er sich gerne an.', '2019-07-03 18:03:27', '2019-07-04 12:49:48', '2019-07-04 12:49:48'),
(3258, 2, 'Burnout-Schock: Sophia Thiel zu dick für YouTube? Kollege hat spezielle Meinung', 'https://www.express.de/news/promi-und-show/burnout-schock-sophia-thiel-zu-dick-fuer-youtube--kollege-hat-spezielle-meinung-32593454?dmcid=f_feed_News', 'Die bekannte Fitness-Bloggerin zog sich aus allen Kanälen zurück.', '2019-07-03 17:45:00', '2019-07-04 12:49:48', '2019-07-04 12:49:48'),
(3259, 2, 'Kapitänin wieder frei: Was passiert jetzt mit der Millionen-Spende für Carola Rackete?', 'https://www.express.de/news/politik-und-wirtschaft/kapitaenin-wieder-frei-was-passiert-jetzt-mit-der-millionen-spende-fuer-carola-rackete--32794340?dmcid=f_feed_News', 'Die deutsche Kapitänin Carola Rackete war aus dem Hausarrest entlassen worden.', '2019-07-03 16:55:00', '2019-07-04 12:49:48', '2019-07-04 12:49:48'),
(3260, 2, 'Derbe Kritik: Youtube-Bibi fliegt mit Sohn in den Urlaub – Fans macht das stocksauer', 'https://www.express.de/news/promi-und-show/derbe-kritik-youtube-bibi-fliegt-mit-sohn-in-den-urlaub---fans-macht-das-stocksauer-32792734?dmcid=f_feed_News', 'Einige Fans können nach dieser Aktion nur mit dem Kopf schütteln.', '2019-07-03 14:15:00', '2019-07-04 12:49:48', '2019-07-04 12:49:48'),
(3261, 2, 'Furchteinflößender Fund: Autofahrer guckt aus dem Fenster und traut seinen Augen nicht', 'https://www.express.de/news/panorama/furchteinfloessender-fund-autofahrer-guckt-aus-dem-fenster-und-traut-seinen-augen-nicht-32798608?dmcid=f_feed_News', 'Es ist ein Fund, der für ziemlich viel Irritationen sorgte.', '2019-07-03 14:03:46', '2019-07-04 12:49:49', '2019-07-04 12:49:49'),
(3262, 2, 'Schock für TV-Star: Danni Büchner baut Unfall auf Mallorca, Rollerfahrerin verletzt', 'https://www.express.de/news/promi-und-show/schock-fuer-tv-star-danni-buechner-baut-unfall-auf-mallorca--rollerfahrerin-verletzt-32794960?dmcid=f_feed_News', 'Der „Goodbye Deutschland“-Star gibt sich selbst die Schuld für den Unfall.', '2019-07-03 13:45:00', '2019-07-04 12:49:49', '2019-07-04 12:49:49'),
(3263, 2, 'Geschenk für krebskranken Jungen geklaut: Was die Diebinnen dann machen, überrascht', 'https://www.express.de/news/panorama/geschenk-fuer-krebskranken-jungen-geklaut-was-die-diebinnen-dann-machen--ueberrascht-32784434?dmcid=f_feed_News', 'Als sie die rührende Geschichte eines Junges hören, bringen sie ihre Beute zurück', '2019-07-03 13:32:11', '2019-07-04 12:49:49', '2019-07-04 12:49:49'),
(3264, 2, 'Zu hohe Kosten?: Schock für Fans: Beliebte RTL-Nacktshow eingestellt', 'https://www.express.de/news/promi-und-show/zu-hohe-kosten--schock-fuer-fans--beliebte-rtl-nacktshow-eingestellt-32798392?dmcid=f_feed_News', 'Was der Sender dazu sagt.', '2019-07-03 13:23:05', '2019-07-04 12:49:49', '2019-07-04 12:49:49'),
(3265, 2, 'Schlagerstar gesteht:: „Als Helene Fischer rief, musste ich Schnaps trinken“', 'https://www.express.de/news/promi-und-show/schlagerstar-gesteht---als-helene-fischer-rief--musste-ich-schnaps-trinken--32787116?dmcid=f_feed_News', 'Diese Karriere ist Zucker! ', '2019-07-03 13:20:00', '2019-07-04 12:49:49', '2019-07-04 12:49:49'),
(3266, 2, 'Ist das ihr Beauty-Tipp?: Sonya Kraus im Bikini: „Die Sauerei mag seltsam aussehen...“', 'https://www.express.de/news/promi-und-show/ist-das-ihr-beauty-tipp--sonya-kraus-im-bikini---die-sauerei-mag-seltsam-aussehen-----32788790?dmcid=f_feed_News', 'Die Moderatorin wirkt herrlich entspannt und fröhlich. ', '2019-07-03 13:18:17', '2019-07-04 12:49:49', '2019-07-04 12:49:49'),
(3267, 2, 'Pikantes Geständnis: „Sturm der Liebe“-Star fand seinen Samenspender bei Tinder', 'https://www.express.de/news/promi-und-show/pikantes-gestaendnis--sturm-der-liebe--star-fand-seinen-samenspender-bei-tinder-32794382?dmcid=f_feed_News', 'Was ursprünglich nur eine Abmachung war, wurde mehr.', '2019-07-03 12:15:00', '2019-07-04 12:49:49', '2019-07-04 12:49:49'),
(3268, 2, 'Urlaub und Gehalt selbst bestimmen: Wie arbeitet man in einer Firma ohne Chefs? ', 'https://www.express.de/news/politik-und-wirtschaft/karriere/urlaub-und-gehalt-selbst-bestimmen-wie-arbeitet-man-in-einer-firma-ohne-chefs---32726870?dmcid=f_feed_News', 'Hierarchien und Strukturen neu gedacht – drei Firmen zeigen wie es geht.', '2019-07-03 12:15:00', '2019-07-04 12:49:49', '2019-07-04 12:49:49'),
(3269, 2, 'Heißer Anblick: Nur das Nötigste bedeckt: Jennifer-Rostock-Frontfrau sexy im Pool', 'https://www.express.de/news/promi-und-show/heisser-anblick-nur-das-noetigste-bedeckt--jennifer-rostock-frontfrau-sexy-im-pool-32792774?dmcid=f_feed_News', 'Da guckt man(n) doch gerne zwei Mal hin.', '2019-07-03 09:58:00', '2019-07-04 12:49:49', '2019-07-04 12:49:49'),
(3270, 2, 'Er spricht Klartext: Macht Moderator Horst Lichter bei „Bares für Rares“ Schluss?', 'https://www.express.de/news/promi-und-show/er-spricht-klartext-macht-moderator-horst-lichter-bei--bares-fuer-rares--schluss--32202464?dmcid=f_feed_News', 'Seit 2013 führt der Fernsehkoch durch die Sendung.', '2019-07-03 09:32:00', '2019-07-04 12:49:49', '2019-07-04 12:49:49'),
(3271, 2, 'Was seine Freundin wohl dazu sagt?: Matthias Schweighöfer mit XXL-Busen und nacktem Po', 'https://www.express.de/news/promi-und-show/was-seine-freundin-wohl-dazu-sagt--matthias-schweighoefer-mit-xxl-busen-und-nacktem-po-32795198?dmcid=f_feed_News', 'Der Schauspieler ist gerade in Frankreich im Urlaub.', '2019-07-03 08:50:00', '2019-07-04 12:49:49', '2019-07-04 12:49:49'),
(3272, 2, 'Kollegen sind amüsiert: Rarität weckt ungeahntes Talent von „Bares für Rares“-Händler', 'https://www.express.de/news/promi-und-show/kollegen-sind-amuesiert-raritaet-weckt-ungeahntes-talent-von--bares-fuer-rares--haendler-32770864?dmcid=f_feed_News', '„Bares für Rares”-Händler Walter Lehnertz präsentiert sein Sing-Talent ', '2019-07-03 06:40:00', '2019-07-04 12:49:49', '2019-07-04 12:49:49'),
(3273, 2, 'Schlimmstes Feuer überhaupt: Mega-Waldbrand unter Kontrolle – war es Brandstiftung?', 'https://www.express.de/news/panorama/schlimmstes-feuer-ueberhaupt-mega-waldbrand-unter-kontrolle---war-es-brandstiftung--32780862?dmcid=f_feed_News', 'Die Feuerwehr in Mecklenburg-Vorpommern ist im Dauereinsatz.', '2019-07-03 06:00:00', '2019-07-04 12:49:49', '2019-07-04 12:49:49'),
(3274, 2, 'Eklat im EU-Parlament: Brexit-Abgeordnete drehen sich während Europahymne einfach um', 'https://www.express.de/news/politik-und-wirtschaft/eklat-im-eu-parlament-brexit-abgeordnete-drehen-sich-waehrend-europahymne-einfach-um-32247090?dmcid=f_feed_News', 'In unserem Ticker informieren wir Sie aktuell über die Entwicklungen in der Politik.', '2019-07-03 05:50:00', '2019-07-04 12:49:49', '2019-07-04 12:49:49'),
(3275, 2, 'Na, Eltern erkannt? : Promi-Spross steht vor Weltkarriere – das sagt Mama dazu', 'https://www.express.de/news/promi-und-show/na--eltern-erkannt---promi-spross-steht-vor-weltkarriere---das-sagt-mama-dazu-32793506?dmcid=f_feed_News', 'Wir haben mit den beiden auf der Berliner Fashion Week gesprochen.', '2019-07-03 05:10:00', '2019-07-04 12:49:49', '2019-07-04 12:49:49'),
(3276, 2, 'Emotionales Video: Frau bringt Kind direkt am Ballermann zur Welt', 'https://www.express.de/news/panorama/emotionales-video-frau-bringt-kind-direkt-am-ballermann-zur-welt-32793404?dmcid=f_feed_News', 'Am Ende waren alle erleichtert.', '2019-07-03 04:31:00', '2019-07-04 12:49:49', '2019-07-04 12:49:49'),
(3277, 2, 'Glückwunsch!: Sila Sahins zweites Baby ist da – kleines Detail verrät Geschlecht', 'https://www.express.de/news/promi-und-show/glueckwunsch--sila-sahins-zweites-baby-ist-da---kleines-detail-verraet-geschlecht-31996562?dmcid=f_feed_News', 'Das Baby kam bereits am 26. Juni zur Welt.', '2019-07-02 17:16:00', '2019-07-04 12:49:50', '2019-07-04 12:49:50'),
(3278, 2, 'Tödliches Unglück : Junge Frau auf Mallorca von Fels erschlagen', 'https://www.express.de/news/panorama/toedliches-unglueck--junge-frau-auf-mallorca-von-fels-erschlagen-32792702?dmcid=f_feed_News', 'Auf der Urlaubsinsel starb jetzt eine Frau auf dramatische Weise.', '2019-07-02 16:44:00', '2019-07-04 12:49:50', '2019-07-04 12:49:50'),
(3279, 2, 'Jason Statham im Video: Was er bei Instagram macht, sprengt jede Vorstellungskraft', 'https://www.express.de/news/promi-und-show/jason-statham-im-video-was-er-bei-instagram-macht--sprengt-jede-vorstellungskraft-32791872?dmcid=f_feed_News', 'Der britische Actionstar hat einfach den Dreh raus. Ein spektakulärer Stunt!', '2019-07-02 16:09:00', '2019-07-04 12:49:50', '2019-07-04 12:49:50'),
(3280, 2, 'Nach dreister Überholaktion: Brutale Schlägerei zwischen Autofahrern in NRW', 'https://www.express.de/news/panorama/nach-dreister-ueberholaktion-brutale-schlaegerei-zwischen-autofahrern-in-nrw-32790100?dmcid=f_feed_News', 'Der Seitenstreifen wurde zum Schauplatz der Eskalation.', '2019-07-02 13:57:00', '2019-07-04 12:49:50', '2019-07-04 12:49:50'),
(3281, 2, 'Sie bringt alle ins Schwitzen: RTL-Star sonnt sich in Köln – nackt?', 'https://www.express.de/news/promi-und-show/sie-bringt-alle-ins-schwitzen-rtl-star-sonnt-sich-in-koeln---nackt--32788152?dmcid=f_feed_News', 'Beim Anblick der Schauspielerin wird einem noch heißer...', '2019-07-02 13:45:00', '2019-07-04 12:49:50', '2019-07-04 12:49:50'),
(3282, 2, 'Hinter diesem Haus: Mann sonnt sich im Garten – plötzlich fällt Eis-Leiche vom Himmel', 'https://www.express.de/news/panorama/hinter-diesem-haus-mann-sonnt-sich-im-garten---ploetzlich-faellt-eis-leiche-vom-himmel-32790840?dmcid=f_feed_News', 'Im Anflug auf London stürzte ein blinder Passagier in die Tiefe.', '2019-07-02 12:33:57', '2019-07-04 12:49:50', '2019-07-04 12:49:50'),
(3283, 2, 'Verhaftete Kapitänin Carola Rackete: Sea-Watch macht Bundesregierung schwere Vorwürfe', 'https://www.express.de/news/verhaftete-kapitaenin-carola-rackete-sea-watch-macht-bundesregierung-schwere-vorwuerfe-32776204?dmcid=f_feed_News', 'Die Kielerin rettete 53 Flüchtlinge auf hoher See.', '2019-07-02 12:00:00', '2019-07-04 12:49:50', '2019-07-04 12:49:50'),
(3284, 2, 'Krank wegen Babypause? : GZSZ-Star räumt mit den Gerüchten auf', 'https://www.express.de/news/promi-und-show/krank-wegen-babypause---gzsz-star-raeumt-mit-den-geruechten-auf-32789270?dmcid=f_feed_News', 'Seitdem ihre Rolle in der Serie erkrankt, verbreiten sich im Netz viele Gerüchte.', '2019-07-02 10:19:33', '2019-07-04 12:49:50', '2019-07-04 12:49:50');
INSERT INTO `feeds` (`id`, `provider_id`, `title`, `link`, `description`, `pubDate`, `created_at`, `updated_at`) VALUES
(3285, 2, 'Sie machen es wie Helene und Flori: „Goodbye Deutschland“-Traumpaar getrennt', 'https://www.express.de/news/promi-und-show/sie-machen-es-wie-helene-und-flori--goodbye-deutschland--traumpaar-getrennt-32771736?dmcid=f_feed_News', 'Fans von Manu und Mausi sind nun bitter enttäuscht.', '2019-07-02 09:20:00', '2019-07-04 12:49:50', '2019-07-04 12:49:50'),
(3286, 2, '„Hart aber fair“: AfD-Politiker zeigt am Ende mit einem Satz, wo er wirklich steht', 'https://www.express.de/news/politik-und-wirtschaft/rnd/-hart-aber-fair--afd-politiker-zeigt-am-ende-mit-einem-satz--wo-er-wirklich-steht-32788728?dmcid=f_feed_News', 'Wann wird aus rechtem Hass Gewalt, fragte Frank Plasberg am Montagabend.', '2019-07-02 08:52:00', '2019-07-04 12:49:50', '2019-07-04 12:49:50'),
(3287, 2, 'Heiße Urlaubsgrüße: Sophia Thomalla posiert sexy am Pool − Fans regt ein Detail auf', 'https://www.express.de/news/promi-und-show/heisse-urlaubsgruesse-sophia-thomalla-posiert-sexy-am-pool---fans-regt-ein-detail-auf-32781054?dmcid=f_feed_News', 'Das Foto bringt den einen oder anderen sicher ins Schwitzen.', '2019-07-02 08:30:00', '2019-07-04 12:49:50', '2019-07-04 12:49:50'),
(3288, 2, 'Erster Pärchen-Auftritt: Angelina Heger datet nächsten „Bachelor“, Fans lästern fies ab', 'https://www.express.de/news/promi-und-show/erster-paerchen-auftritt-angelina-heger-datet-naechsten--bachelor---fans-laestern-fies-ab-32574416?dmcid=f_feed_News', 'Die Dschungel-Beauty hat sich den nächsten „Bachelor“ geangelt...', '2019-07-02 06:45:00', '2019-07-04 12:49:50', '2019-07-04 12:49:50'),
(3289, 2, 'Eklat beim „James Bond“-Dreh : Filmdiva verlässt das Set, der Grund macht sprachlos', 'https://www.express.de/news/promi-und-show/eklat-beim--james-bond--dreh--filmdiva-verlaesst-das-set--der-grund-macht-sprachlos-32789090?dmcid=f_feed_News', 'Der „007“-Jubiläumsfilm „Bond25“ steht unter keinem guten Stern. ', '2019-07-02 06:42:34', '2019-07-04 12:49:50', '2019-07-04 12:49:50'),
(3290, 2, 'Hätte er das mal besser nicht getan...: Stefan Mross wird in eigener Show ausgepfiffen', 'https://www.express.de/news/promi-und-show/haette-er-das-mal-besser-nicht-getan----stefan-mross-wird-in-eigener-show-ausgepfiffen-32788026?dmcid=f_feed_News', 'Der Grund war eine simple Frage.', '2019-07-02 04:57:00', '2019-07-04 12:49:50', '2019-07-04 12:49:50'),
(3291, 2, 'Zigaretten tabu: In einem EU-Land darf man nicht mal mehr draußen vor der Tür rauchen', 'https://www.express.de/news/panorama/zigaretten-tabu-in-einem-eu-land-darf-man-nicht-mal-mehr-draussen-vor-der-tuer-rauchen-32788002?dmcid=f_feed_News', 'Sogar E-Zigaretten sind nicht mehr erlaubt.', '2019-07-02 04:50:00', '2019-07-04 12:49:50', '2019-07-04 12:49:50'),
(3292, 2, 'Eine Tote, ein Verletzter: Bundeswehr-Hubschrauber abgestürzt – Feuerwehr löscht Brände', 'https://www.express.de/news/panorama/eine-tote--ein-verletzter-bundeswehr-hubschrauber-abgestuerzt---feuerwehr-loescht-braende-32785284?dmcid=f_feed_News', 'Der Vorfall ereignete sich in Niedersachsen.', '2019-07-01 19:31:00', '2019-07-04 12:49:50', '2019-07-04 12:49:50'),
(3293, 2, 'Zu dick für den Autositz : Frau nimmt über 200 Kilo ab und ist kaum wiederzuerkennen', 'https://www.express.de/news/panorama/zu-dick-fuer-den-autositz--frau-nimmt-ueber-200-kilo-ab-und-ist-kaum-wiederzuerkennen-32778024?dmcid=f_feed_News', 'Die US-Amerikanerin Milla Clarks hat eine extreme Verwandlung hinter sich.', '2019-07-01 18:38:00', '2019-07-04 12:49:51', '2019-07-04 12:49:51'),
(3294, 2, '„Bauer sucht Frau International“: Schwarm Marco schockt Frauen mit Zimmer – eine weint', 'https://www.express.de/news/promi-und-show/-bauer-sucht-frau-international--schwarm-marco-schockt-frauen-mit-zimmer---eine-weint-32787234?dmcid=f_feed_News', 'Der 34-Jährige möchte in der RTL-Kuppelshow die Frau fürs Leben finden.', '2019-07-01 17:59:00', '2019-07-04 12:49:51', '2019-07-04 12:49:51'),
(3295, 2, 'Krasse Veränderung: Erkannt? Dieser TV-Star war der Held unserer Kindheit', 'https://www.express.de/news/promi-und-show/krasse-veraenderung-erkannt--dieser-tv-star-war-der-held-unserer-kindheit-32776038?dmcid=f_feed_News', 'Der Schauspieler zeigte sich jetzt auf der Comic Con.', '2019-07-01 16:42:00', '2019-07-04 12:49:51', '2019-07-04 12:49:51'),
(3296, 2, 'Auftritte abgesagt: Ballermann-Sängerin Mia Julia schont sich extrem sexy', 'https://www.express.de/news/promi-und-show/auftritte-abgesagt-ballermann-saengerin-mia-julia-schont-sich-extrem-sexy-32786180?dmcid=f_feed_News', 'Dieses Foto auf Instagram lässt sehr tief blicken.', '2019-07-01 15:43:00', '2019-07-04 12:49:51', '2019-07-04 12:49:51'),
(3297, 2, 'Er hat \'nen Hals: Prinz Frédéric: Millionenklage nach Verkehrsunfall', 'https://www.express.de/news/promi-und-show/er-hat--nen-hals-prinz-fr%C3%A9d%C3%A9ric--millionenklage-nach-verkehrsunfall-32786608?dmcid=f_feed_News', 'Momentan kommt er vom Regen in die Traufe.', '2019-07-01 15:28:00', '2019-07-04 12:49:51', '2019-07-04 12:49:51'),
(3298, 2, 'Mehrere Menschen verletzt: Pool zu schwer – Balkon stürzt vier Meter in die Tiefe', 'https://www.express.de/news/panorama/mehrere-menschen-verletzt-pool-zu-schwer---balkon-stuerzt-vier-meter-in-die-tiefe-32785400?dmcid=f_feed_News', 'Der Schaden beläuft sich auf etwa 100.000 Euro.', '2019-07-01 13:34:00', '2019-07-04 12:49:51', '2019-07-04 12:49:51'),
(3299, 13, '5 Better Ways to Communicate with Clients During the Staffing Process', 'https://hr.sparkhire.com/staffing-industry/5-better-ways-to-communicate-with-clients-during-the-staffing-process/', 'Client communications should never be approached as one-size-fits-all. For your staffing team and your client’s hiring team to succeed in the same hiring process, it’s critical that information is dispersed seamlessly between your firm and clients. Some clients prefer to text or chat via live videos, while others may want to fit in as much [&#8230;]', '2019-07-02 15:00:08', '2019-07-04 12:49:53', '2019-07-04 12:49:53'),
(3300, 13, '4 Ways to Boost Your Hiring Pipeline', 'https://hr.sparkhire.com/tips-for-hr-pros/4-ways-to-boost-your-hiring-pipeline/', 'Recruitment professionals have a tough job. Finding the right people with the right skill sets is a problem for many organizations. In fact, talent risk is currently in first place on the emerging risk list, as it is increasingly difficult for recruiters to find qualified individuals for technology-specific roles. With the level of skill required [&#8230;]', '2019-07-01 15:00:48', '2019-07-04 12:49:53', '2019-07-04 12:49:53'),
(3301, 13, '6 Reasons Gen Z Are Perfect Staffing Candidates', 'https://hr.sparkhire.com/staffing-recruiting/6-reasons-gen-z-are-perfect-staffing-candidates/', 'Digital Natives, Gen Tech, Gen Wii, or Generation Z, however you refer to the group born between the mid-1990s to the mid-2000s, they’re entering the workforce in greater numbers every day. And the timing couldn’t be better. A whopping 55 percent of staffing professionals in a new Bullhorn report stated they believe the talent shortage [&#8230;]', '2019-06-27 15:00:30', '2019-07-04 12:49:54', '2019-07-04 12:49:54'),
(3302, 13, 'How to Make Your Company Culture Stand Out During Interviews', 'https://hr.sparkhire.com/company-culture-2/make-company-culture-stand-out-in-interviews/', 'Culture, in general, is defined as the beliefs, values, and practices shared by a particular group of people. As such, company culture represents beliefs, values, and practices shared by a company&#8217;s employees. Every company has its own specific culture. It shows through the way their employees and people in charge communicate and do business with [&#8230;]', '2019-06-26 15:00:15', '2019-07-04 12:49:54', '2019-07-04 12:49:54'),
(3303, 13, '5 Ways to Turn a Gig Worker into a Long-Term Employee', 'https://hr.sparkhire.com/best-hiring-practices/5-ways-to-turn-a-gig-worker-into-a-long-term-employee/', 'It’s the age of the gig economy. The traditional full-time job is no longer the only option for generating a steady income. In fact, from 2014 to 2018, the number of people working as a freelancer or in the gig economy rose from 3.7 to 56.7 million.  For many workers, flexibility and autonomy are an [&#8230;]', '2019-06-25 15:00:15', '2019-07-04 12:49:54', '2019-07-04 12:49:54'),
(3304, 13, '5 Tips to Find Qualified Employees', 'https://hr.sparkhire.com/tips-for-hr-pros/5-tips-to-find-qualified-employees/', 'As of 2018, the unemployment rate in the United States was 4.1% and thousands of jobs were being added to the market. This indicates that it&#8217;s important for candidates to choose wisely when it comes to securing interviews; however, the numbers are also a sign that candidates have more options when it comes to finding [&#8230;]', '2019-06-24 15:00:25', '2019-07-04 12:49:54', '2019-07-04 12:49:54'),
(3305, 13, '5 Ways Staffing Pros Should Adjust Interview Questions to Meet Clients’ Needs', 'https://hr.sparkhire.com/staffing-recruiting/5-ways-staffing-pros-should-adjust-interview-questions-to-meet-clients-needs/', 'A quick Google search gives job seekers all the ‘right’ answers to common interview questions during the hiring process. That&#8217;s why candidates often come in sounding similarly rehearsed during interviews. This also, unfortunately, reveals a trend of interviewers asking every candidate the same old questions. In the current job market, your staffing process must be [&#8230;]', '2019-06-20 15:00:35', '2019-07-04 12:49:54', '2019-07-04 12:49:54'),
(3306, 13, 'How to Audit the Candidate Experience', 'https://hr.sparkhire.com/candidate-experience/auditing-the-candidate-experience/', 'Most companies think the job application process is one-sided. The candidates want your job and you choose the best applicant. However, the flourishing job market and the rise of highly-specialized positions means that candidates are often evaluating companies as well. Your candidates are applying to several jobs at once, and they want to make sure [&#8230;]', '2019-06-19 15:00:53', '2019-07-04 12:49:54', '2019-07-04 12:49:54'),
(3307, 13, 'Hire Better Employees with these Situational Questions', 'https://hr.sparkhire.com/tips-for-hr-pros/hire-better-employees-with-these-situational-questions/', 'Assessing soft skills during the hiring process is no easy feat. Often, candidates have prepared by rehearsing their answers in advance, leaving you with a less-than-honest depiction of what they can bring to the table. Using situational questions is a great way to put your candidate’s soft skills to the test. In LinkedIn’s recent Global [&#8230;]', '2019-06-18 15:00:50', '2019-07-04 12:49:54', '2019-07-04 12:49:54'),
(3308, 13, '5 Recruitment Strategies to Effectively Hire Generation Z', 'https://hr.sparkhire.com/how-tos-and-tips/5-recruitment-strategies-to-effectively-hire-generation-z/', 'It’s in recent times that recruiters have considered millennials suitable candidates beyond entry-level roles. And lately, a fresh pool of talent has been emerging in the market. If you are looking for a steady stream of talented candidates for the future, then look no further than Generation Z. To make sure your roles start filling [&#8230;]', '2019-06-17 15:00:05', '2019-07-04 12:49:54', '2019-07-04 12:49:54');

-- --------------------------------------------------------

--
-- Table structure for table `providers`
--

CREATE TABLE `providers` (
  `id` int(11) NOT NULL,
  `provider_name` varchar(255) NOT NULL,
  `feed_source` text NOT NULL,
  `provider_link` text,
  `feed_type` varchar(255) DEFAULT NULL,
  `status` enum('1','0','','') NOT NULL DEFAULT '1',
  `last_update_date` timestamp NULL DEFAULT NULL,
  `latest_record_date` timestamp NULL DEFAULT NULL,
  `last_attempt_date` timestamp NULL DEFAULT NULL,
  `created_at` timestamp NOT NULL DEFAULT CURRENT_TIMESTAMP,
  `updated_at` timestamp NULL DEFAULT NULL
) ENGINE=InnoDB DEFAULT CHARSET=latin1;

--
-- Dumping data for table `providers`
--

INSERT INTO `providers` (`id`, `provider_name`, `feed_source`, `provider_link`, `feed_type`, `status`, `last_update_date`, `latest_record_date`, `last_attempt_date`, `created_at`, `updated_at`) VALUES
(1, 'World - CBSNews.com', 'https://www.cbsnews.com/latest/rss/world', 'https://www.cbsnews.com/', 'rss', '1', '2019-07-04 12:49:47', NULL, '2019-07-04 11:34:52', '2019-06-13 00:39:51', '2019-07-02 20:10:13'),
(2, 'World News - breaking international headlines and exclusives | The Sun', 'https://www.express.de/feed/news/index.rss', 'https://www.thesun.co.uk', 'rss', '1', '2019-07-04 12:49:51', NULL, '2019-07-04 11:35:51', '2019-06-14 09:03:35', '2019-06-23 08:51:08'),
(13, 'Human Resources Blog Spark Hire', 'https://hr.sparkhire.com/feed/', 'https://hr.sparkhire.com', 'rss', '1', '2019-07-04 12:49:54', NULL, '2019-07-04 11:35:28', '2019-06-16 22:16:57', '2019-06-22 20:37:38'),
(14, 'Sydney Morning Herald - World', 'https://www.smh.com.au/rss/world.xml', 'https://www.smh.com.au/rssheadlines', 'rss', '1', '2019-07-04 12:40:23', NULL, '2019-07-04 12:40:19', '2019-06-16 22:17:58', '2019-06-22 20:35:30'),
(15, 'Freeform Goodness', 'http://www.freeke.org/ffg/index.atom', 'http://www.freeke.org/ffg', 'atom', '0', '2019-07-04 12:47:20', NULL, '2019-07-04 12:47:28', '2019-07-04 03:12:19', '2019-07-04 12:47:58');

-- --------------------------------------------------------

--
-- Table structure for table `settings`
--

CREATE TABLE `settings` (
  `id` int(11) NOT NULL,
  `provider_id` int(11) DEFAULT NULL,
  `type` enum('update','delete') NOT NULL,
  `age` int(4) DEFAULT NULL,
  `time` timestamp NULL DEFAULT NULL ON UPDATE CURRENT_TIMESTAMP,
  `created_at` timestamp NOT NULL DEFAULT CURRENT_TIMESTAMP,
  `updated_at` timestamp NULL DEFAULT NULL
) ENGINE=InnoDB DEFAULT CHARSET=latin1;

--
-- Dumping data for table `settings`
--

INSERT INTO `settings` (`id`, `provider_id`, `type`, `age`, `time`, `created_at`, `updated_at`) VALUES
(1, NULL, 'update', NULL, '2019-07-04 12:49:55', '2019-06-14 03:39:48', NULL),
(2, NULL, 'delete', 30, '2019-06-22 12:40:34', '2019-06-13 19:00:00', NULL),
(3, 1, 'update', NULL, '2019-07-04 12:49:47', '2019-06-22 19:59:19', '2019-06-22 19:59:19'),
(4, 2, 'update', NULL, '2019-07-04 12:49:52', '2019-06-22 19:59:20', '2019-06-22 19:59:20'),
(5, 9, 'update', NULL, '2019-07-03 22:00:33', '2019-06-22 19:59:21', '2019-06-22 19:59:21'),
(6, 13, 'update', NULL, '2019-07-04 12:49:54', '2019-06-22 19:59:21', '2019-06-22 19:59:21'),
(7, 14, 'update', NULL, '2019-07-04 12:49:55', '2019-06-22 19:59:22', '2019-06-22 19:59:22'),
(8, 15, 'update', NULL, '2019-07-04 12:47:20', '2019-06-22 19:59:23', '2019-06-22 19:59:23');

--
-- Indexes for dumped tables
--

--
-- Indexes for table `feeds`
--
ALTER TABLE `feeds`
  ADD PRIMARY KEY (`id`);

--
-- Indexes for table `providers`
--
ALTER TABLE `providers`
  ADD PRIMARY KEY (`id`);

--
-- Indexes for table `settings`
--
ALTER TABLE `settings`
  ADD PRIMARY KEY (`id`);

--
-- AUTO_INCREMENT for dumped tables
--

--
-- AUTO_INCREMENT for table `feeds`
--
ALTER TABLE `feeds`
  MODIFY `id` int(11) NOT NULL AUTO_INCREMENT, AUTO_INCREMENT=3309;

--
-- AUTO_INCREMENT for table `providers`
--
ALTER TABLE `providers`
  MODIFY `id` int(11) NOT NULL AUTO_INCREMENT, AUTO_INCREMENT=16;

--
-- AUTO_INCREMENT for table `settings`
--
ALTER TABLE `settings`
  MODIFY `id` int(11) NOT NULL AUTO_INCREMENT, AUTO_INCREMENT=9;
COMMIT;

/*!40101 SET CHARACTER_SET_CLIENT=@OLD_CHARACTER_SET_CLIENT */;
/*!40101 SET CHARACTER_SET_RESULTS=@OLD_CHARACTER_SET_RESULTS */;
/*!40101 SET COLLATION_CONNECTION=@OLD_COLLATION_CONNECTION */;
